{
    "name": "root",
    "metadata": {
        "timer_format_version": "0.1.0",
        "start_time_seconds": "1684927599",
        "python_version": "3.9.7 (default, Sep 16 2021, 16:59:28) [MSC v.1916 64 bit (AMD64)]",
        "command_line_arguments": "D:\\G86\\anaconda3\\Scripts\\mlagents-learn config/HoopAgent.yaml --run-id=HoopAgent --force",
        "mlagents_version": "0.29.0",
        "mlagents_envs_version": "0.29.0",
        "communication_protocol_version": "1.5.0",
        "pytorch_version": "1.7.1+cu110",
        "numpy_version": "1.21.2",
        "end_time_seconds": "1684928886"
    },
    "total": 1287.0416685,
    "count": 1,
    "self": 0.05228710000005776,
    "children": {
        "run_training.setup": {
            "total": 0.46507319999999996,
            "count": 1,
            "self": 0.46507319999999996
        },
        "TrainerController.start_learning": {
            "total": 1286.5243082,
            "count": 1,
            "self": 0.7101730999993379,
            "children": {
                "TrainerController._reset_env": {
                    "total": 20.4247649,
                    "count": 1,
                    "self": 20.4247649
                },
                "TrainerController.advance": {
                    "total": 1265.1835531000006,
                    "count": 28825,
                    "self": 0.6968510999913633,
                    "children": {
                        "env_step": {
                            "total": 1254.0739295999906,
                            "count": 28825,
                            "self": 1164.5858938999752,
                            "children": {
                                "SubprocessEnvManager._take_step": {
                                    "total": 89.0259296000068,
                                    "count": 28825,
                                    "self": 2.1654294000154266,
                                    "children": {
                                        "TorchPolicy.evaluate": {
                                            "total": 86.86050019999138,
                                            "count": 27267,
                                            "self": 37.67481739997825,
                                            "children": {
                                                "TorchPolicy.sample_actions": {
                                                    "total": 49.185682800013126,
                                                    "count": 27267,
                                                    "self": 49.185682800013126
                                                }
                                            }
                                        }
                                    }
                                },
                                "workers": {
                                    "total": 0.46210610000851915,
                                    "count": 28824,
                                    "self": 0.0,
                                    "children": {
                                        "worker_root": {
                                            "total": 1267.3560325000171,
                                            "count": 28824,
                                            "is_parallel": true,
                                            "self": 134.6895156000196,
                                            "children": {
                                                "steps_from_proto": {
                                                    "total": 0.0004230999999990104,
                                                    "count": 1,
                                                    "is_parallel": true,
                                                    "self": 0.00019579999999663755,
                                                    "children": {
                                                        "_process_rank_one_or_two_observation": {
                                                            "total": 0.00022730000000237283,
                                                            "count": 2,
                                                            "is_parallel": true,
                                                            "self": 0.00022730000000237283
                                                        }
                                                    }
                                                },
                                                "UnityEnvironment.step": {
                                                    "total": 1132.6660937999975,
                                                    "count": 28824,
                                                    "is_parallel": true,
                                                    "self": 2.7481600000039634,
                                                    "children": {
                                                        "UnityEnvironment._generate_step_input": {
                                                            "total": 2.284401700003855,
                                                            "count": 28824,
                                                            "is_parallel": true,
                                                            "self": 2.284401700003855
                                                        },
                                                        "communicator.exchange": {
                                                            "total": 1120.5321698999858,
                                                            "count": 28824,
                                                            "is_parallel": true,
                                                            "self": 1120.5321698999858
                                                        },
                                                        "steps_from_proto": {
                                                            "total": 7.101362200003834,
                                                            "count": 28824,
                                                            "is_parallel": true,
                                                            "self": 3.8712814999877914,
                                                            "children": {
                                                                "_process_rank_one_or_two_observation": {
                                                                    "total": 3.2300807000160425,
                                                                    "count": 57648,
                                                                    "is_parallel": true,
                                                                    "self": 3.2300807000160425
                                                                }
                                                            }
                                                        }
                                                    }
                                                }
                                            }
                                        }
                                    }
                                }
                            }
                        },
                        "trainer_advance": {
                            "total": 10.412772400018554,
                            "count": 28824,
                            "self": 0.8333809000277519,
                            "children": {
                                "process_trajectory": {
                                    "total": 9.579391499990802,
                                    "count": 28824,
                                    "self": 9.579391499990802
                                }
                            }
                        }
                    }
                },