{
    "name": "root",
    "gauges": {
        "HoopAgent.Policy.Entropy.mean": {
            "value": 1.4136581420898438,
            "min": 1.4136581420898438,
            "max": 1.4136581420898438,
            "count": 1
        },
        "HoopAgent.Policy.Entropy.sum": {
            "value": 2903.65380859375,
            "min": 2903.65380859375,
            "max": 2903.65380859375,
            "count": 1
        },
        "HoopAgent.Step.mean": {
            "value": 1973.0,
            "min": 1973.0,
            "max": 1973.0,
            "count": 1
        },
        "HoopAgent.Step.sum": {
            "value": 1973.0,
            "min": 1973.0,
            "max": 1973.0,
            "count": 1
        },
        "HoopAgent.Policy.ExtrinsicValueEstimate.mean": {
            "value": -123.41992950439453,
            "min": -123.41992950439453,
            "max": -123.41992950439453,
            "count": 1
        },
        "HoopAgent.Policy.ExtrinsicValueEstimate.sum": {
            "value": -11601.4736328125,
            "min": -11601.4736328125,
            "max": -11601.4736328125,
            "count": 1
        },
        "HoopAgent.Losses.PolicyLoss.mean": {
            "value": 0.2634254646231447,
            "min": 0.2634254646231447,
            "max": 0.2634254646231447,
            "count": 1
        },
        "HoopAgent.Losses.PolicyLoss.sum": {
            "value": 4.214807433970315,
            "min": 4.214807433970315,
            "max": 4.214807433970315,
            "count": 1
        },
        "HoopAgent.Losses.ValueLoss.mean": {
            "value": 5502.522645543992,
            "min": 5502.522645543992,
            "max": 5502.522645543992,
            "count": 1
        },
        "HoopAgent.Losses.ValueLoss.sum": {
            "value": 88040.36232870388,
            "min": 88040.36232870388,
            "max": 88040.36232870388,
            "count": 1
        },
        "HoopAgent.Policy.LearningRate.mean": {
            "value": 0.00029968770010409994,
            "min": 0.00029968770010409994,
            "max": 0.00029968770010409994,
            "count": 1
        },
        "HoopAgent.Policy.LearningRate.sum": {
            "value": 0.004795003201665599,
            "min": 0.004795003201665599,
            "max": 0.004795003201665599,
            "count": 1
        },
        "HoopAgent.Policy.Epsilon.mean": {
            "value": 0.19989590000000002,
            "min": 0.19989590000000002,
            "max": 0.19989590000000002,
            "count": 1
        },
        "HoopAgent.Policy.Epsilon.sum": {
            "value": 3.1983344000000002,
            "min": 3.1983344000000002,
            "max": 3.1983344000000002,
            "count": 1
        },
        "HoopAgent.Policy.Beta.mean": {
            "value": 0.0005,
            "min": 0.0005,
            "max": 0.0005,
            "count": 1
        },
        "HoopAgent.Policy.Beta.sum": {
            "value": 0.008,
            "min": 0.008,
            "max": 0.008,
            "count": 1
        },
        "HoopAgent.Environment.EpisodeLength.mean": {
            "value": 17.89873417721519,
            "min": 17.89873417721519,
            "max": 17.89873417721519,
            "count": 1
        },
        "HoopAgent.Environment.EpisodeLength.sum": {
            "value": 1414.0,
            "min": 1414.0,
            "max": 1414.0,
            "count": 1
        },
        "HoopAgent.Environment.CumulativeReward.mean": {
            "value": 1.0,
            "min": 1.0,
            "max": 1.0,
            "count": 1
        },
        "HoopAgent.Environment.CumulativeReward.sum": {
            "value": 78.0,
            "min": 78.0,
            "max": 78.0,
            "count": 1
        },
        "HoopAgent.Policy.ExtrinsicReward.mean": {
            "value": 1.0,
            "min": 1.0,
            "max": 1.0,
            "count": 1
        },
        "HoopAgent.Policy.ExtrinsicReward.sum": {
            "value": 78.0,
            "min": 78.0,
            "max": 78.0,
            "count": 1
        },
        "HoopAgent.IsTraining.mean": {
            "value": 1.0,
            "min": 1.0,
            "max": 1.0,
            "count": 1
        },
        "HoopAgent.IsTraining.sum": {
            "value": 1.0,
            "min": 1.0,
            "max": 1.0,
            "count": 1
        }
    },
    "metadata": {
        "timer_format_version": "0.1.0",
        "start_time_seconds": "1682508730",
        "python_version": "3.9.7 (default, Sep 16 2021, 16:59:28) [MSC v.1916 64 bit (AMD64)]",
        "command_line_arguments": "D:\\G86\\anaconda3\\Scripts\\mlagents-learn config/HoopAgent.yaml --run-id=HoopAgent --force",
        "mlagents_version": "0.29.0",
        "mlagents_envs_version": "0.29.0",
        "communication_protocol_version": "1.5.0",
        "pytorch_version": "1.7.1+cu110",
        "numpy_version": "1.21.2",
        "end_time_seconds": "1682508902"
    },
    "total": 171.9435855,
    "count": 1,
    "self": 0.00574579999999969,
    "children": {
        "run_training.setup": {
            "total": 0.30212749999999966,
            "count": 1,
            "self": 0.30212749999999966
        },
        "TrainerController.start_learning": {
            "total": 171.6357122,
            "count": 1,
            "self": 0.07732970000029127,
            "children": {
                "TrainerController._reset_env": {
                    "total": 6.405590699999999,
                    "count": 1,
                    "self": 6.405590699999999
                },
                "TrainerController.advance": {
                    "total": 164.7086646999997,
                    "count": 3908,
                    "self": 0.07222039999902563,
                    "children": {
                        "env_step": {
                            "total": 147.87578270000046,
                            "count": 3908,
                            "self": 133.11249690000045,
                            "children": {
                                "SubprocessEnvManager._take_step": {
                                    "total": 14.714426300000016,
                                    "count": 3909,
                                    "self": 0.21297379999958643,
                                    "children": {
                                        "TorchPolicy.evaluate": {
                                            "total": 14.501452500000429,
                                            "count": 3755,
                                            "self": 4.336991500000451,
                                            "children": {
                                                "TorchPolicy.sample_actions": {
                                                    "total": 10.164460999999978,
                                                    "count": 3755,
                                                    "self": 10.164460999999978
                                                }
                                            }
                                        }
                                    }
                                },
                                "workers": {
                                    "total": 0.048859499999993616,
                                    "count": 3907,
                                    "self": 0.0,
                                    "children": {
                                        "worker_root": {
                                            "total": 61.285828000000215,
                                            "count": 3907,
                                            "is_parallel": true,
                                            "self": 36.490760799999975,
                                            "children": {
                                                "steps_from_proto": {
                                                    "total": 0.0008583000000017549,