{
    "name": "root",
    "metadata": {
        "timer_format_version": "0.1.0",
        "start_time_seconds": "1683063066",
        "python_version": "3.9.7 (default, Sep 16 2021, 16:59:28) [MSC v.1916 64 bit (AMD64)]",
        "command_line_arguments": "D:\\G86\\anaconda3\\Scripts\\mlagents-learn config/HoopAgent.yaml --run-id=HoopAgent --force",
        "mlagents_version": "0.29.0",
        "mlagents_envs_version": "0.29.0",
        "communication_protocol_version": "1.5.0",
        "pytorch_version": "1.7.1+cu110",
        "numpy_version": "1.21.2",
        "end_time_seconds": "1683063187"
    },
    "total": 121.45093370000001,
    "count": 1,
    "self": 0.005438600000005067,
    "children": {
        "run_training.setup": {
            "total": 0.37334639999999997,
            "count": 1,
            "self": 0.37334639999999997
        },
        "TrainerController.start_learning": {
            "total": 121.0721487,
            "count": 1,
            "self": 0.037049099999990176,
            "children": {
                "TrainerController._reset_env": {
                    "total": 15.150256200000001,
                    "count": 1,
                    "self": 15.150256200000001
                },
                "TrainerController.advance": {
                    "total": 104.38972740000001,
                    "count": 1411,
                    "self": 0.03656499999993912,
                    "children": {
                        "env_step": {
                            "total": 93.8609392,
                            "count": 1411,
                            "self": 80.12240800000005,
                            "children": {
                                "SubprocessEnvManager._take_step": {
                                    "total": 13.715163699999842,
                                    "count": 1411,
                                    "self": 0.12348929999976832,
                                    "children": {
                                        "TorchPolicy.evaluate": {
                                            "total": 13.591674400000073,
                                            "count": 1411,
                                            "self": 3.281640700000203,
                                            "children": {
                                                "TorchPolicy.sample_actions": {
                                                    "total": 10.31003369999987,
                                                    "count": 1411,
                                                    "self": 10.31003369999987
                                                }
                                            }
                                        }
                                    }
                                },
                                "workers": {
                                    "total": 0.02336750000010923,
                                    "count": 1410,
                                    "self": 0.0,
                                    "children": {
                                        "worker_root": {
                                            "total": 42.65305609999992,
                                            "count": 1410,
                                            "is_parallel": true,
                                            "self": 27.761421399999954,
                                            "children": {
                                                "steps_from_proto": {
                                                    "total": 0.00046129999999955373,
                                                    "count": 1,
                                                    "is_parallel": true,
                                                    "self": 0.000246799999997549,
                                                    "children": {
                                                        "_process_rank_one_or_two_observation": {
                                                            "total": 0.00021450000000200475,
                                                            "count": 4,
                                                            "is_parallel": true,
                                                            "self": 0.00021450000000200475
                                                        }
                                                    }
                                                },
                                                "UnityEnvironment.step": {
                                                    "total": 14.891173399999971,
                                                    "count": 1410,
                                                    "is_parallel": true,
                                                    "self": 0.16002679999974667,
                                                    "children": {
                                                        "UnityEnvironment._generate_step_input": {
                                                            "total": 0.14172170000006012,
                                                            "count": 1410,
                                                            "is_parallel": true,
                                                            "self": 0.14172170000006012
                                                        },
                                                        "communicator.exchange": {
                                                            "total": 13.970885800000097,
                                                            "count": 1410,
                                                            "is_parallel": true,
                                                            "self": 13.970885800000097
                                                        },
                                                        "steps_from_proto": {
                                                            "total": 0.6185391000000671,
                                                            "count": 1410,
                                                            "is_parallel": true,
                                                            "self": 0.3609104999998447,
                                                            "children": {
                                                                "_process_rank_one_or_two_observation": {
                                                                    "total": 0.25762860000022236,
                                                                    "count": 5640,
                                                                    "is_parallel": true,
                                                                    "self": 0.25762860000022236
                                                                }
                                                            }
                                                        }
                                                    }
                                                }
                                            }
                                        }
                                    }
                                }
                            }
                        },
                        "trainer_advance": {
                            "total": 10.492223200000073,
                            "count": 1410,
                            "self": 0.0432269000000467,
                            "children": {
                                "process_trajectory": {
                                    "total": 0.2147304000000183,
                                    "count": 1410,
                                    "self": 0.2147304000000183
                                },
                                "_update_policy": {
                                    "total": 10.234265900000008,